CodigoMunicipio,Municipio,AliquotaISS
4100103,ABATIA,3.00
4100202,ADRIANOPOLIS,5.00
4100301,AGUDOS DO SUL,5.00
4100400,ALMIRANTE TAMANDARE,5.00
4100459,ALTAMIRA DO PARANA,2.00
4100509,ALTONIA,3.00
4100608,ALTO PARANA,2.00
4100707,ALTO PIQUIRI,3.00
4100806,ALVORADA DO SUL,3.00
4100905,AMAPORA,2.50
4101002,AMPERE,3.50
4101051,ANAHY,5.00
4101101,ANDIRA,3.00
4101150,ANGULO,2.00
4101200,ANTONINA,3.00
4101309,ANTONIO OLINTO,4.00
4101408,APUCARANA,2.50
4101507,ARAPONGAS,5.00
4101606,ARAPOTI,2.00
4101655,ARAPUA,3.00
4101705,ARARUNA,5.00
4101804,ARAUCARIA,5.00
4101853,ARIRANHA DO IVAI,5.00
4101903,ASSAI,5.00
4102000,ASSIS CHATEAUBRIAND,3.00
4102109,ASTORGA,5.00
4102208,ATALAIA,5.00
4102307,BALSA NOVA,4.00
4102406,BANDEIRANTES,5.00
4102505,BARBOSA FERRAZ,5.00
4102604,BARRACAO,3.00
4102703,BARRA DO JACARE,5.00
4102752,BELA VISTA DA CAROBA,3.00
4102802,BELA VISTA DO PARAISO,5.00
4102901,BITURUNA,2.00
4103008,BOA ESPERANCA,5.00
4103024,BOA ESPERANCA DO IGUACU,3.00
4103040,BOA VENTURA DE SAO ROQUE,3.00
4103057,BOA VISTA DA APARECIDA,3.00
4103107,BOCAIUVA DO SUL,3.00
4103156,BOM JESUS DO SUL,3.00
4103206,BOM SUCESSO,5.00
4103222,BOM SUCESSO DO SUL,2.50
4103305,BORRAZOPOLIS,5.00
4103354,BRAGANEY,3.00
4103370,BRASILANDIA DO SUL,3.00
4103404,CAFEARA,2.00
4103453,CAFELANDIA,3.00
4103479,CAFEZAL DO SUL,5.00
4103503,CALIFORNIA,5.00
4103602,CAMBARA,3.00
4103701,CAMBE,3.00
4103800,CAMBIRA,3.00
4103909,CAMPINA DA LAGOA,3.00
4103958,CAMPINA DO SIMAO,3.00
4104006,CAMPINA GRANDE DO SUL,5.00
4104055,CAMPO BONITO,5.00
4104105,CAMPO DO TENENTE,3.00
4104204,CAMPO LARGO,2.00
4104253,CAMPO MAGRO,3.00
4104303,CAMPO MOURAO,5.00
4104402,CANDIDO DE ABREU,4.00
4104428,CANDOI,5.00
4104451,CANTAGALO,5.00
4104501,CAPANEMA,3.00
4104600,CAPITAO LEONIDAS MARQUES,5.00
4104659,CARAMBEI,2.00
4104709,CARLOPOLIS,5.00
4104808,CASCAVEL,3.00
4104907,CASTRO,3.00
4105003,CATANDUVAS,3.00
4105102,CENTENARIO DO SUL,5.00
4105201,CERRO AZUL,5.00
4105300,CEU AZUL,4.00
4105409,CHOPINZINHO,3.00
4105508,CIANORTE,3.00
4105607,CIDADE GAUCHA,2.00
4105706,CLEVELANDIA,3.00
4105805,COLOMBO,5.00
4105904,COLORADO,3.00
4106001,CONGONHINHAS,3.00
4106100,CONSELHEIRO MAIRINCK,5.00
4106209,CONTENDA,5.00
4106308,CORBELIA,5.00
4106407,CORNELIO PROCOPIO,5.00
4106456,CORONEL DOMINGOS SOARES,3.00
4106506,CORONEL VIVIDA,5.00
4106555,CORUMBATAI DO SUL,5.00
4106571,CRUZEIRO DO IGUACU,5.00
4106605,CRUZEIRO DO OESTE,4.00
4106704,CRUZEIRO DO SUL,3.00
4106803,CRUZ MACHADO,5.00
4106852,CRUZMALTINA,5.00
4106902,CURITIBA,5.00
4107009,CURIUVA,2.00
4107108,DIAMANTE DO NORTE,5.00
4107124,DIAMANTE DO SUL,3.00
4107157,DIAMANTE D'OESTE,3.00
4107207,DOIS VIZINHOS,3.00
4107256,DOURADINA,5.00
4107306,DOUTOR CAMARGO,5.00
4107405,ENEAS MARQUES,3.00
4107504,ENGENHEIRO BELTRAO,3.00
4107520,ESPERANCA NOVA,2.00
4107538,ENTRE RIOS DO OESTE,3.00
4107546,ESPIGAO ALTO DO IGUACU,2.00
4107553,FAROL,5.00
4107603,FAXINAL,5.00
4107652,FAZENDA RIO GRANDE,2.00
4107702,FENIX,5.00
4107736,FERNANDES PINHEIRO,2.00
4107751,FIGUEIRA,5.00
4107801,FLORAI,3.00
4107850,FLOR DA SERRA DO SUL,3.00
4107900,FLORESTA,3.00
4108007,FLORESTOPOLIS,5.00
4108106,FLORIDA,5.00
4108205,FORMOSA DO OESTE,3.50
4108304,FOZ DO IGUACU,5.00
4108320,FRANCISCO ALVES,5.00
4108403,FRANCISCO BELTRAO,4.00
4108452,FOZ DO JORDAO,5.00
4108502,GENERAL CARNEIRO,5.00
4108551,GODOY MOREIRA,4.00
4108601,GOIOERE,2.00
4108650,GOIOXIM,3.00
4108700,GRANDES RIOS,2.00
4108809,GUAIRA,4.00
4108908,GUAIRACA,5.00
4108957,GUAMIRANGA,5.00
4109005,GUAPIRAMA,3.00
4109104,GUAPOREMA,5.00
4109203,GUARACI,3.00
4109302,GUARANIACU,3.00
4109401,GUARAPUAVA,5.00
4109500,GUARAQUECABA,5.00
4109609,GUARATUBA,3.00
4109658,HONORIO SERPA,3.00
4109708,IBAITI,3.00
4109757,IBEMA,3.00
4109807,IBIPORA,2.00
4109906,ICARAIMA,3.00
4110003,IGUARACU,2.00
4110052,IGUATU,3.00
4110078,IMBAU,3.00
4110102,IMBITUVA,5.00
4110201,INACIO MARTINS,3.50
4110300,INAJA,5.00
4110409,INDIANOPOLIS,5.00
4110508,IPIRANGA,3.00
4110607,IPORA,5.00
4110656,IRACEMA DO OESTE,3.00
4110706,IRATI,5.00
4110805,IRETAMA,3.00
4110904,ITAGUAJE,3.50
4110953,ITAIPULANDIA,3.00
4111001,ITAMBARACA,5.00
4111100,ITAMBE,3.00
4111209,ITAPEJARA D'OESTE,3.00
4111258,ITAPERUCU,2.50
4111308,ITAUNA DO SUL,5.00
4111407,IVAI,5.00
4111506,IVAIPORA,3.00
4111555,IVATE,5.00
4111605,IVATUBA,3.00
4111704,JABOTI,5.00
4111803,JACAREZINHO,3.00
4111902,JAGUAPITA,4.00
4112009,JAGUARIAIVA,5.00
4112108,JANDAIA DO SUL,3.00
4112207,JANIOPOLIS,3.00
4112306,JAPIRA,3.00
4112405,JAPURA,5.00
4112504,JARDIM ALEGRE,5.00
4112603,JARDIM OLINDA,5.00
4112702,JATAIZINHO,3.00
4112751,JESUITAS,3.00
4112801,JOAQUIM TAVORA,2.00
4112900,JUNDIAI DO SUL,3.00
4112959,JURANDA,2.00
4113007,JUSSARA,5.00
4113106,KALORE,5.00
4113205,LAPA,5.00
4113254,LARANJAL,5.00
4113304,LARANJEIRAS DO SUL,5.00
4113403,LEOPOLIS,5.00
4113429,LIDIANOPOLIS,5.00
4113452,LINDOESTE,5.00
4113502,LOANDA,5.00
4113601,LOBATO,2.00
4113700,LONDRINA,3.00
4113734,LUIZIANA,5.00
4113759,LUNARDELLI,4.00
4113809,LUPIONOPOLIS,3.00
4113908,MALLET,3.00
4114005,MAMBORE,2.00
4114104,MANDAGUACU,3.00
4114203,MANDAGUARI,3.00
4114302,MANDIRITUBA,2.00
4114351,MANFRINOPOLIS,3.00
4114401,MANGUEIRINHA,5.00
4114500,MANOEL RIBAS,2.00
4114609,MARECHAL CANDIDO RONDON,3.00
4114708,MARIA HELENA,3.00
4114807,MARIALVA,3.00
4114906,MARILANDIA DO SUL,3.00
4115002,MARILENA,2.00
4115101,MARILUZ,3.00
4115200,MARINGA,3.00
4115309,MARIOPOLIS,3.00
4115358,MARIPA,3.00
4115408,MARMELEIRO,3.00
4115457,MARQUINHO,5.00
4115507,MARUMBI,5.00
4115606,MATELANDIA,3.00
4115705,MATINHOS,5.00
4115739,MATO RICO,5.00
4115754,MAUA DA SERRA,3.00
4115804,MEDIANEIRA,3.00
4115853,MERCEDES,2.00
4115903,MIRADOR,3.00
4116000,MIRASELVA,2.00
4116059,MISSAL,3.00
4116109,MOREIRA SALES,3.00
4116208,MORRETES,5.00
4116307,MUNHOZ DE MELO,3.00
4116406,NOSSA SENHORA DAS GRACAS,4.00
4116505,NOVA ALIANCA DO IVAI,5.00
4116604,NOVA AMERICA DA COLINA,5.00
4116703,NOVA AURORA,2.00
4116802,NOVA CANTU,3.00
4116901,NOVA ESPERANCA,2.00
4116950,NOVA ESPERANCA DO SUDOEST,3.00
4117008,NOVA FATIMA,5.00
4117057,NOVA LARANJEIRAS,5.00
4117107,NOVA LONDRINA,2.00
4117206,NOVA OLIMPIA,3.00
4117214,NOVA SANTA BARBARA,5.00
4117222,NOVA SANTA ROSA,3.00
4117255,NOVA PRATA DO IGUACU,3.00
4117271,NOVA TEBAS,3.00
4117297,NOVO ITACOLOMI,5.00
4117305,ORTIGUEIRA,5.00
4117404,OURIZONA,3.00
4117453,OURO VERDE DO OESTE,3.00
4117503,PAICANDU,3.00
4117602,PALMAS,3.00
4117701,PALMEIRA,3.00
4117800,PALMITAL,3.00
4117909,PALOTINA,3.00
4118006,PARAISO DO NORTE,5.00
4118105,PARANACITY,3.00
4118204,PARANAGUA,5.00
4118303,PARANAPOEMA,5.00
4118402,PARANAVAI,2.00
4118451,PATO BRAGADO,2.00
4118501,PATO BRANCO,2.00
4118600,PAULA FREITAS,2.50
4118709,PAULO FRONTIN,5.00
4118808,PEABIRU,5.00
4118857,PEROBAL,5.00
4118907,PEROLA,5.00
4119004,PEROLA D'OESTE,3.00
4119103,PIEN,2.00
4119152,PINHAIS,2.00
4119202,PINHALAO,5.00
4119251,PINHAL DE SAO BENTO,3.00
4119301,PINHAO,5.00
4119400,PIRAI DO SUL,2.50
4119509,PIRAQUARA,5.00
4119608,PITANGA,3.50
4119657,PITANGUEIRAS,5.00
4119707,PLANALTINA DO PARANA,3.00
4119806,PLANALTO,3.00
4119905,PONTA GROSSA,3.00
4119954,PONTAL DO PARANA,5.00
4120002,PORECATU,4.00
4120101,PORTO AMAZONAS,4.00
4120150,PORTO BARREIRO,4.00
4120200,PORTO RICO,5.00
4120309,PORTO VITORIA,3.00
4120333,PRADO FERREIRA,5.00
4120358,PRANCHITA,3.00
4120408,PRESIDENTE CASTELO BRANCO,5.00
4120507,PRIMEIRO DE MAIO,3.00
4120606,PRUDENTOPOLIS,5.00
4120655,QUARTO CENTENARIO,2.00
4120705,QUATIGUA,3.00
4120804,QUATRO BARRAS,5.00
4120853,QUATRO PONTES,2.00
4120903,QUEDAS DO IGUACU,2.00
4121000,QUERENCIA DO NORTE,3.00
4121109,QUINTA DO SOL,5.00
4121208,QUITANDINHA,5.00
4121257,RAMILANDIA,5.00
4121307,RANCHO ALEGRE,5.00
4121356,RANCHO ALEGRE D'OESTE,2.00
4121406,REALEZA,3.00
4121505,REBOUCAS,5.00
4121604,RENASCENCA,3.00
4121703,RESERVA,2.00
4121752,RESERVA DO IGUACU,5.00
4121802,RIBEIRAO CLARO,5.00
4121901,RIBEIRAO DO PINHAL,5.00
4122008,RIO AZUL,5.00
4122107,RIO BOM,4.00
4122156,RIO BONITO DO IGUACU,4.00
4122172,RIO BRANCO DO IVAI,5.00
4122206,RIO BRANCO DO SUL,5.00
4122305,RIO NEGRO,2.00
4122404,ROLANDIA,5.00
4122503,RONCADOR,3.00
4122602,RONDON,3.00
4122651,ROSARIO DO IVAI,5.00
4122701,SABAUDIA,2.00
4122800,SALGADO FILHO,3.00
4122909,SALTO DO ITARARE,5.00
4123006,SALTO DO LONTRA,3.00
4123105,SANTA AMELIA,3.00
4123204,SANTA CECILIA DO PAVAO,5.00
4123303,SANTA CRUZ DE MONTE CASTE,2.50
4123402,SANTA FE,3.00
4123501,SANTA HELENA,3.00
4123600,SANTA INES,4.00
4123709,SANTA ISABEL DO IVAI,5.00
4123808,SANTA IZABEL DO OESTE,3.00
4123824,SANTA LUCIA,5.00
4123857,SANTA MARIA DO OESTE,2.00
4123907,SANTA MARIANA,4.00
4123956,SANTA MONICA,4.00
4124004,SANTANA DO ITARARE,5.00
4124020,SANTA TEREZA DO OESTE,5.00
4124053,SANTA TEREZINHA DE ITAIPU,4.00
4124103,SANTO ANTONIO DA PLATINA,3.00
4124202,SANTO ANTONIO DO CAIUA,3.00
4124301,SANTO ANTONIO DO PARAISO,2.00
4124400,SANTO ANTONIO DO SUDOESTE,3.00
4124509,SANTO INACIO,3.00
4124608,SAO CARLOS DO IVAI,5.00
4124707,SAO JERONIMO DA SERRA,5.00
4124806,SAO JOAO,5.00
4124905,SAO JOAO DO CAIUA,3.00
4125001,SAO JOAO DO IVAI,2.00
4125100,SAO JOAO DO TRIUNFO,3.00
4125209,SAO JORGE D'OESTE,3.50
4125308,SAO JORGE DO IVAI,5.00
4125357,SAO JORGE DO PATROCINIO,3.50
4125407,SAO JOSE DA BOA VISTA,5.00
4125456,SAO JOSE DAS PALMEIRAS,5.00
4125506,SAO JOSE DOS PINHAIS,2.50
4125555,SAO MANOEL DO PARANA,3.00
4125605,SAO MATEUS DO SUL,4.00
4125704,SAO MIGUEL DO IGUACU,3.00
4125753,SAO PEDRO DO IGUACU,3.00
4125803,SAO PEDRO DO IVAI,2.00
4125902,SAO PEDRO DO PARANA,5.00
4126009,SAO SEBASTIAO DA AMOREIRA,2.00
4126108,SAO TOME,3.00
4126207,SAPOPEMA,5.00
4126256,SARANDI,3.00
4126272,SAUDADE DO IGUACU,5.00
4126306,SENGES,4.00
4126355,SERRANOPOLIS DO IGUACU,3.00
4126405,SERTANEJA,5.00
4126504,SERTANOPOLIS,3.00
4126603,SIQUEIRA CAMPOS,3.00
4126652,SULINA,5.00
4126678,TAMARANA,5.00
4126702,TAMBOARA,5.00
4126801,TAPEJARA,5.00
4126900,TAPIRA,2.50
4127007,TEIXEIRA SOARES,5.00
4127106,TELEMACO BORBA,5.00
4127205,TERRA BOA,3.00
4127304,TERRA RICA,5.00
4127403,TERRA ROXA,3.00
4127502,TIBAGI,2.00
4127601,TIJUCAS DO SUL,5.00
4127700,TOLEDO,3.00
4127809,TOMAZINA,2.00
4127858,TRES BARRAS DO PARANA,4.00
4127882,TUNAS DO PARANA,5.00
4127908,TUNEIRAS DO OESTE,3.00
4127957,TUPASSI,5.00
4127965,TURVO,5.00
4128005,UBIRATA,3.00
4128104,UMUARAMA,2.00
4128203,UNIAO DA VITORIA,2.50
4128302,UNIFLOR,4.00
4128401,URAI,3.00
4128500,WENCESLAU BRAZ,5.00
4128534,VENTANIA,3.00
4128559,VERA CRUZ DO OESTE,4.00
4128609,VERE,5.00
4128625,ALTO PARAISO,3.00
4128633,DOUTOR ULYSSES,3.00
4128658,VIRMOND,5.00
4128708,VITORINO,3.00
4128807,XAMBRE,5.00